{
  "project_info": {
    "project_number": "634700836814",
    "project_id": "healthapp-66cfd",
    "storage_bucket": "healthapp-66cfd.appspot.com"
  },
  "client": [
    {
      "client_info": {
        "mobilesdk_app_id": "1:634700836814:android:83de97adaf2afc9609c59f",
        "android_client_info": {
          "package_name": "com.health.app"
        }
      },
      "oauth_client": [
        {
          "client_id": "634700836814-klv66gbjrp06puisbtgrv9mnpb6kiv99.apps.googleusercontent.com",
          "client_type": 3
        }
      ],
      "api_key": [
        {
          "current_key": "AIzaSyBWWw99UyiQ2rwshqufOkFMU2ZXhAv0rSs"
        }
      ],
      "services": {
        "appinvite_service": {
          "other_platform_oauth_client": [
            {
              "client_id": "634700836814-klv66gbjrp06puisbtgrv9mnpb6kiv99.apps.googleusercontent.com",
              "client_type": 3
            }
          ]
        }
      }
    }
  ],
  "configuration_version": "1"
}